{"playerData":{"powerUpData":[0.0,0.0],"playerStatsData":[0.0,3.8266632556915285,5.659039497375488],"time":0.0}}