{"playerData":{"powerUpData":[0.0,0.0],"playerStatsData":[0.0,3.8266632556915285,0.9566172957420349],"time":0.0}}